,tweets,id,len,date,source,likes,retweets,sentiment
0,Hehe bapak saya penggemar Sewu Kutho... https://t.co/kPIXlcCc1B,1157664658867646464,63,2019-08-03 14:48:57,Twitter for Android,9902,3568,Negative
1,"Inilah dunia kuliner kota Solo, rumah-rumah makan, warung-warung, dengan menu andalan mereka yang jadi kesukaan say… https://t.co/Fsy4OM2LDU",1157507484753379331,140,2019-08-03 04:24:24,Twitter for Android,16912,3999,Positive
2,"Saya juga merasakan goyangan gempa semalam yang, kata BMKG, 6,9 SR di dekat Banten, dan berpotensi tsunami. Syukurl… https://t.co/nti2bAu1rE",1157459686460817409,140,2019-08-03 01:14:28,Twitter for Android,10733,1370,Positive
3,"Danau Toba menyimpan tak terbilang daya tarik wisata. Danaunya, pemandangannya, kampung di sekitarnya, sejarahnya,… https://t.co/8HMFqr4LzF",1157194444774375424,139,2019-08-02 07:40:29,Twitter Web App,12289,2069,Positive
4,"Doa kebangsaan yang digelar semalam di halaman istana, dihadiri para ulama, tokoh lintas agama, dan Majelis Zikir H… https://t.co/K6Moxpbdde",1157109633829367809,140,2019-08-02 02:03:29,Twitter for Android,11398,1396,Positive
5,"Goresan pertama cucuk canting pada kain batik sepanjang 74 meter di peron Stasiun MRT Bundaran HI, siang ini, sebag… https://t.co/PpUbqtVy74",1156833903312695297,140,2019-08-01 07:47:50,Twitter for Android,6645,1032,Negative
6,Mobil yang membawa saya dan Ibu Negara hanya bisa beringsut perlahan membelah keramaian warga Kabupaten Samosir yan… https://t.co/ZD5xGvjnxr,1156734476317155328,140,2019-08-01 01:12:44,Twitter for Android,18636,2527,Positive
7,"Kampung Huta Siallagan di Kabupaten Samosir, Sumatra Utara. Di sinilah titik awal sejarah peradaban penegakan hukum… https://t.co/1CNNV7i1vu",1156415792964988928,140,2019-07-31 04:06:24,Twitter for Android,7067,921,Positive
8,"Satu lagi kawasan wisata di pinggir Danau Toba: The Kaldera Toba Nomadic Escape, yang cocok untuk wisatawan pengela… https://t.co/uvPCgqxt8D",1156388463341498368,140,2019-07-31 02:17:48,Twitter for Android,11978,2086,Positive
9,"Ini jaket khas Tapanuli, jaket dari kain ulos jenis Sibolang Rasta, pagi ini di kawasan wisata Salib Kasih, Sumatra… https://t.co/Bt3B5B1yrh",1156070298627653632,140,2019-07-30 05:13:32,Twitter for Android,14471,2009,Positive
10,"Bersampirkan kain ulos, cenderamata kehormatan dari masyarakat adat Tarutung, saat berkunjung ke Tapanuli Utara, pa… https://t.co/NjOauL3Y65",1156052741069799424,140,2019-07-30 04:03:46,Twitter for Android,7481,959,Positive
11,"Inilah Sipinsur Geosite di Kab. Humbang Hasundutan, taman konservasi di pinggir Danau Toba yang di dalamnya ada hut… https://t.co/k3BrcJMSC5",1156041705402949635,140,2019-07-30 03:19:55,Twitter for Android,8031,1297,Negative
12,"Tiba di Bandar Udara Internasional Silangit sore ini untuk kunjungan kerja di Sumatra Utara.

Dari bandara, saya la… https://t.co/5hyJ0jsJ1C",1155805192975077376,140,2019-07-29 11:40:06,Twitter for Android,11701,1535,Positive
13,"Menerima CEO SoftBank, Masayoshi Son, yang datang ke istana bersama pemimpin Grab dan Tokopedia, pagi tadi. Ada apa… https://t.co/OUfdglGFsE",1155798271895334912,140,2019-07-29 11:12:36,Twitter for Android,6424,890,Positive
14,"Ini satu ruas jalan perbatasan di Pegunungan Bintan, Papua. Meliuk-liuk di antara hutan dan lereng, ruas ini bagian… https://t.co/wG5ywJFi5M",1155652466483970049,140,2019-07-29 01:33:13,Twitter for Android,15968,2569,Positive
15,"Santap siang pada Minggu yang cerah di Solo hari ini sungguh nikmat.

Bukan hanya karena menu ayam goreng kampung M… https://t.co/lTs74JqNHl",1155416075346907136,140,2019-07-28 09:53:53,Twitter for Android,13393,1454,Negative
16,"Malam minggu di Solo, kami ke mal bersama Jan Ethes. Anda? https://t.co/dC19U2VSyh",1155126778475630592,82,2019-07-27 14:44:19,Twitter for Android,33149,3874,Negative
17,"Saya dengar Buya Ahmad Syafii Maarif sakit di Yogyakarta, tapi saya belum sempat membesuk. Alhamdulillah, tadi Pak… https://t.co/cqPR5MH1p1",1155061082781675520,139,2019-07-27 10:23:16,Twitter for Android,15863,2012,Positive
18,"Membagi buku untuk anak selepas Jumatan bersama masyarakat di Masjid Jami Annur, Johar Baru, Jakarta Pusat, siang t… https://t.co/9kQKJMQCWy",1154695753387761664,140,2019-07-26 10:11:35,Twitter for Android,10358,1014,Positive
19,"Atas nama Pemerintah dan rakyat Indonesia, saya menyampaikan duka cita yang mendalam atas meninggalnya Presiden Tun… https://t.co/RNH0VGDDdR",1154385429308661760,140,2019-07-25 13:38:28,Twitter for Android,8713,1065,Positive
20,"Menerima delegasi raksasa otomotif Korea Selatan, Hyundai Motors Group, siang ini. Terkait rencana berinvestasi di… https://t.co/aulyTzOOo3",1154278978439356416,139,2019-07-25 06:35:28,Twitter for Android,8057,987,Negative
21,Congratulations to the newly elected Leader of the Conservative Party and UK Prime Minister @BorisJohnson… https://t.co/rg3TW27UNg,1154205437958377473,130,2019-07-25 01:43:15,Twitter for Android,4695,531,Negative
22,Sembilan MoU kerja sama Indonesia dan Uni Emirat Arab di bidang ekonomi dan keumatan saya bahas bersama Putra Mahko… https://t.co/fgqXcXAQeq,1154002406423687168,140,2019-07-24 12:16:28,Twitter for Android,8817,1160,Positive
23,"Saya menyambut sahabat baik, Putra Mahkota Abu Dhabi, Sheikh Mohamed Bin Zayed Al Nahyan di Bandara Soekarno-Hatta,… https://t.co/yBTRZBy5sd",1153887712081895425,140,2019-07-24 04:40:43,Twitter for Android,8903,1068,Positive
24,"Indonesia berada di kawasan cincin api rawan bencana. Jadi, kalau di satu lokasi di daerah rawan gempa atau banjir,… https://t.co/uoo5G4G5XI",1153833436869619712,140,2019-07-24 01:05:03,Twitter for Android,12537,2023,Positive
25,"Setiap anak harus punya mimpi masa depan, dan tak ada hambatan untuk menggapai cita-citanya. Mereka harus belajar d… https://t.co/AwdXzUz6rH",1153677982856355841,140,2019-07-23 14:47:20,Twitter for Android,14018,3109,Positive
26,"Ingin tahu bagaimana saya menjaga kebugaran tubuh? Tak ada rahasia, tidak ada yang istimewa. Hanya ramuan sederhana… https://t.co/XsHp00Ig2e",1153470004194467840,140,2019-07-23 01:00:54,Twitter for Android,25583,4530,Positive
27,Jumat malam kemarin saya membaca undangan pernikahan salah satu wartawan yang sehari-hari meliput di istana. Dan sa… https://t.co/p5M1zMNrUV,1152792885730766848,140,2019-07-21 04:10:16,Twitter for Android,22234,3159,Positive
28,"Apa nama potongan rambut yang digemari anak muda sekarang? Yang tipis di samping? 

Undercut, kata Mas Herman dari… https://t.co/GFf9TsCfCt",1152786224777592833,139,2019-07-21 03:43:48,Twitter for Android,22431,3213,Positive
29,"Zaman sudah semakin maju, tapi kita tetap mengingat pesan-pesan bijak dan agung para leluhur.

Selamat pagi. Selama… https://t.co/xpub8HNfEb",1152387649031663616,140,2019-07-20 01:20:00,Twitter for Android,23399,5688,Positive
30,"Melepas kontingen Gerakan Pramuka ke Jambore Kepanduan Dunia XXIV di Amerika Serikat, 22 Juli-2 Agustus.

Setengah… https://t.co/L7cFZb85Kf",1152091941732941824,139,2019-07-19 05:44:58,Twitter for Android,14467,1799,Negative
31,"Apa kabar blok migas Masela di Maluku? Pengembangan proyek di blok ini sudah disetujui pemerintah, negosiasi dengan… https://t.co/e4PO7AxBGZ",1151703963357474816,140,2019-07-18 04:03:17,Twitter for Android,9153,1192,Negative
32,Mari memeriahkan HUT RI dengan Festival Gapura Cinta Negeri. Bangun gapura kemerdekaan di masing-masing lingkungan… https://t.co/YAod5AxIfU,1151502273295441920,139,2019-07-17 14:41:50,Twitter for Android,12372,2701,Positive
33,Pembangkit Listrik Tenaga Sampah sudah diusulkan untuk dibangun di 12 kota/kabupaten. Empat di antaranya — di Surab… https://t.co/wAHjwcq0Md,1151379261128769537,140,2019-07-17 06:33:02,Twitter for Android,18169,5302,Positive
34,"Ini pesan saya untuk 781 perwira remaja TNI/Polri yang saya lantik, kemarin.

Dunia sekarang penuh disrupsi, peruba… https://t.co/N0cS31e4ET",1151318483369512960,140,2019-07-17 02:31:31,Twitter for Android,13198,1935,Negative
35,"Melantik perwira-perwira baru TNI dan Polri di halaman Istana Merdeka, Jakarta, pagi tadi. 

Selamat bertugas kepad… https://t.co/ePILYD0CCJ",1151077797642719232,140,2019-07-16 10:35:07,Twitter for Android,10676,1383,Positive
36,Kemarau 2019 menurut BMKG akan lebih kering. Puncaknya Agustus-September. Beberapa daerah di Indonesia sudah mengal… https://t.co/asMWoh1QRc,1150933601891958784,140,2019-07-16 01:02:08,Twitter for Android,7429,1147,Negative
37,"Jangan lagi memakai pola pikir lama yang bekerja secara linier, yang hanya berupa rutinitas, monoton. Kita harus be… https://t.co/nk4lnsPMtg",1150667347633438720,140,2019-07-15 07:24:08,Twitter for Android,4810,616,Positive
38,"Reformasi birokrasi itu penting agar lembaga-lembaga kita semakin sederhana dan lincah, makin sigap melayani, dan c… https://t.co/xqQzOqtnEy",1150667141756010496,140,2019-07-15 07:23:19,Twitter for Android,8524,1024,Positive
39,"Jangan alergi terhadap investasi karena inilah yang membuat lapangan pekerjaan terbuka lebar. 

Segala penghambat i… https://t.co/m25RFexi7U",1150637992505069568,140,2019-07-15 05:27:29,Twitter for Android,10009,1614,Positive
40,Diaspora bertalenta tinggi harus didukung agar memberi kontribusi besar bagi percepatan pembangunan Indonesia. Kita… https://t.co/apGDT1S404,1150609129368539136,140,2019-07-15 03:32:48,Twitter for Android,3452,410,Positive
41,"Kualitas pendidikannya kita tingkatkan dengan mementingkan vocational training, juga vocational school. Kita akan m… https://t.co/bKpeNgyOrt",1150608844516499456,140,2019-07-15 03:31:40,Twitter for Android,3618,442,Positive
42,"Pembangunan SDM kita dimulai dengan menjamin kesehatan ibu hamil, bayi, balita, dan anak usia sekolah -- umur emas… https://t.co/wGJHJAgL8t",1150608664702541826,139,2019-07-15 03:30:57,Twitter for Android,8235,1186,Negative
43,"Impian saya tentang negeri ini adalah: Indonesia yang maju! 

Indonesia yang tak satu pun rakyatnya tertinggal, yan… https://t.co/2I8rbwQLtV",1150590539890212864,140,2019-07-15 02:18:56,Twitter for Android,20455,4881,Positive
44,"Terima kasih atas kehadiran Bapak, Ibu, dan saudara-saudara, juga kepada seluruh rakyat Indonesia yang setia menont… https://t.co/3imIauSWwF",1150420267895672832,140,2019-07-14 15:02:20,Twitter for Android,7926,920,Positive
45,"Pertama, pembangunan infrastruktur kita lanjutkan. Kedua, prioritas pembangunan sumber daya manusia. Ketiga, mengun… https://t.co/OjQMI5vxAJ",1150419914454253568,140,2019-07-14 15:00:56,Twitter for Android,8820,1418,Positive
46,"Malam ini, di hadapan ribuan hadirin di Sentul International Convention Center, Bogor, saya menyampaikan Visi Indon… https://t.co/XYAMDc7CLr",1150419565823709185,140,2019-07-14 14:59:32,Twitter for Android,13331,2544,Negative
47,"Saya mengajak Pak Prabowo naik kereta MRT dari Stasiun Lebak Bulus sampai Senayan, pagi tadi. Ini pertemuan dua ora… https://t.co/V0Z7Smcxdj",1150003512639549440,140,2019-07-13 11:26:18,Twitter for Android,56821,16377,Positive
48,"Lima tahun ke depan ini, pemerintah fokus menuntaskan apa yang sudah kita mulai: menyelesaikan pekerjaan infrastruk… https://t.co/sGqZxuo0VS",1149673169105506306,140,2019-07-12 13:33:38,Twitter for Android,7561,1397,Negative
49,"Kebaya dan kain di pameran Karya Kreatif Indonesia 2019 ini bukan produksi industri besar, tapi buatan UMKM binaan… https://t.co/shiyTglr1R",1149651190239526913,139,2019-07-12 12:06:17,Twitter for Android,6032,658,Negative
50,"Selepas Jumatan tadi di Masjid At-Taufiq, Senen, Jakarta Pusat. Bahkan saat tengah mengenakan sepatu pun saya diaja… https://t.co/2jPpVyM6rS",1149592385627627520,140,2019-07-12 08:12:37,Twitter for Android,12691,1399,Positive
51,"Gua ini salah satu daya tarik wisata NTT, selain Labuan Bajo dan komodo. Disebut Gua Batu Cermin karena rongga di a… https://t.co/SBL9wXlO8V",1149497894539366401,140,2019-07-12 01:57:09,Twitter for Android,7578,832,Negative
52,"Bersama para wisatawan di Pulau Rinca, salah satu pulau dalam kawasan Taman Nasional Komodo. Mereka datang ke pulau… https://t.co/XUI3VCgQA5",1149284277420359681,140,2019-07-11 11:48:19,Twitter for Android,8324,1031,Positive
53,"Komodo-komodo Pulau Rinca di Manggarai Barat, NTT. 

Saya ke sini bersama Ibu Negara siang ini untuk memantau renca… https://t.co/n6PsQw83LC",1149217411083538432,140,2019-07-11 07:22:36,Twitter for Android,12375,1566,Negative
54,Labuan Bajo -- paduan kata tempat berlabuh dan Suku Bajo -- kini jadi salah satu tujuan wisata populer di Tanah Air… https://t.co/Q7M2BTWOqm,1149150108518191104,140,2019-07-11 02:55:10,Twitter for Android,11370,1503,Positive
55,"Di Puncak Waringin, Labuan Bajo, Nusa Tenggara Timur, yang saya tinjau siang ini.

Labuan Bajo, salah satu desa di… https://t.co/pEkduvxqRY",1148960019662045190,139,2019-07-10 14:19:49,Twitter for Android,20213,2958,Positive
56,"Sampiran kain tradisional Nusa Tenggara Timur menyambut saya dan Ibu Negara di Bandar Udara Komodo, Kabupaten Mangg… https://t.co/tb24H5Z5Gy",1148917615877734400,140,2019-07-10 11:31:20,Twitter for Android,8272,1034,Positive
57,"Semakin bertambah usianya, kian berkembang pula tantangannya. Apa tantangan Polri di usia 73 tahun?

Terorisme dan… https://t.co/DsgL9GsKQ7",1148905239061225472,139,2019-07-10 10:42:09,Twitter for Android,10907,1356,Positive
58,"Selamat pagi, Indonesia ... https://t.co/C4BAiBHzp8",1148788368198606849,51,2019-07-10 02:57:45,Twitter for Android,25040,6986,Negative
59,"Provinsi Jawa Tengah memiliki kesempatan besar untuk bertumbuh dengan dukungan penuh pemerintah pusat. Terutama, du… https://t.co/HLgBix4rYz",1148563364370472960,140,2019-07-09 12:03:39,Twitter for Android,13798,1939,Negative
60,"Menuju sidang kabinet paripurna di Istana Bogor, siang ini. Yang dibahas soal ekspor impor, investasi dan perizinan… https://t.co/xzYgjjMkmW",1148201837536763904,140,2019-07-08 12:07:05,Twitter for Android,10215,965,Negative
61,"Bersama @richbrian, rapper Asia pertama yang mampu memuncaki tangga album iTunes untuk musik hip hop, tadi di Bogor… https://t.co/fj72HHp5K6",1147847810215075840,140,2019-07-07 12:40:18,Twitter for Android,62019,19588,Negative
62,Innalillahi wa inna ilaihi rajiun. Kita kehilangan seorang yang hidupnya didedikasikan untuk orang banyak. Sebagaim… https://t.co/DRQUVV6548,1147727669674438657,140,2019-07-07 04:42:54,Twitter for Android,46880,15583,Positive
63,Proses belajar-mengajar harus menggembirakan bagi guru dan murid. Ruang kelas bukan satu-satunya tempat belajar. Du… https://t.co/VsaSqlu9Cv,1147357980976791552,140,2019-07-06 04:13:54,Twitter for Android,10718,1438,Positive
64,"Sulawesi Utara tidak hanya punya Bunaken, tapi juga Pulau Lembeh yang indah. 

Melihat potensi keindahan pantai, re… https://t.co/M5ZQkut5Qw",1147326821609832448,140,2019-07-06 02:10:05,Twitter for Android,14833,2398,Negative
65,"Di atas haluan kapal Bunaken Crystal 7 menuju Taman Nasional Bunaken ini, saya menikmati angin laut Teluk Manado be… https://t.co/6DFAgSI0uw",1147076680621551616,140,2019-07-05 09:36:06,Twitter for Android,10637,1361,Positive
66,"Pamit kepada warga Bunaken di Teluk Manado. Sebelum beranjak, seorang Ibu menyampaikan keluhan. Katanya, warga di s… https://t.co/ypbDdmRRar",1147031880736227328,140,2019-07-05 06:38:05,Twitter for Android,14104,1683,Positive
67,Menikmati pemandangan bawah laut Bunaken di Teluk Manado dari jendela kaca di dasar lambung kapal. https://t.co/YG3k5mAkvo,1146977515296006144,122,2019-07-05 03:02:04,Twitter for Android,16553,2272,Positive
68,"Datang ke Manado, jangan sampai tak mampir di Jendela Indonesia: boulevard dekat pantai yang 2,5 tahun ini jadi pus… https://t.co/u1sgD2lwuh",1146974212029992960,140,2019-07-05 02:48:56,Twitter for Android,7224,1025,Negative
69,"Negara lain sudah jauh membangun infrastrukturnya, kita masih urusan saling membenci, saling mendengki, saling tida… https://t.co/S6Q6i27BD7",1146791502468673536,140,2019-07-04 14:42:55,Twitter for Android,39118,10715,Negative
70,"Kamis yang cerah di kawasan pariwisata Tanjung Pulisan, Minahasa Utara. Dengan golf cart, saya dan Ibu Negara menyu… https://t.co/FwucNf3vki",1146744226085928960,140,2019-07-04 11:35:03,Twitter for Android,12267,1551,Positive
71,Lepas landas menuju Manado untuk kunjungan kerja di Provinsi Sulawesi Utara — the Rising Star dalam sektor pariwisa… https://t.co/osmpepoWSU,1146656176559366144,140,2019-07-04 05:45:10,Twitter for Android,9603,1289,Negative
72,"Majalah gaya hidup Arab Saudi, Arrajol, ternyata punya perhatian besar kepada Indonesia. 

Isinya bukan tentang say… https://t.co/FHC2IXd4K5",1146383101553065987,140,2019-07-03 11:40:04,Twitter for Android,14967,3000,Positive
73,"Indonesia adalah negara demokrasi ketiga terbesar di dunia, di bawah India dan Amerika Serikat. Dan demokrasi senan… https://t.co/pmvO3ZbX8V",1146228709671653377,140,2019-07-03 01:26:34,Twitter for Android,12266,2053,Positive
74,Dirgahayu Bhayangkara Indonesia. Tetaplah jadi pengayom dan pelindung seluruh rakyat Indonesia. https://t.co/8vANMn7f50,1145546917956354048,119,2019-07-01 04:17:23,Twitter for Android,14796,2137,Positive
75,"Rangkaian pesta demokrasi Pemilihan Presiden 2019 telah berakhir. 

Dengan ini, saya mengajak seluruh rakyat untuk… https://t.co/4fu4kePGdZ",1145346306824495104,139,2019-06-30 15:00:13,Twitter for Android,32267,6661,Negative
76,Pulang ke Tanah Air .... https://t.co/PHcbQj8Y2M,1145136284374949888,48,2019-06-30 01:05:40,Twitter for Android,26716,3021,Negative
77,"Pertemuan bilateral dengan Putra Mahkota Kerajaan Arab Saudi Pangeran Mohammad bin Salman di sela KTT G20, siang ta… https://t.co/QH0ggBE3mi",1144962026067779584,140,2019-06-29 13:33:14,Twitter for Android,10961,1370,Positive
78,"KTT G20 yang berlangsung dua hari di Osaka sungguh padat acara, resmi atau santai, rapat besar atau pertemuan bilat… https://t.co/jpaiLES56O",1144870626101874688,140,2019-06-29 07:30:02,Twitter for Android,18861,2666,Positive
79,Di antara perempuan-perempuan perkasa ... https://t.co/vEJ6eiB4eM,1144805609486766080,65,2019-06-29 03:11:41,Twitter for Android,46982,7217,Positive
80,"Sebelum jamuan santap malam untuk para pemimpin negara-negara anggota G20, bersama Presiden Prancis Emmanuel Macron… https://t.co/eTD1JjDx1P",1144779930544168961,140,2019-06-29 01:29:39,Twitter for Android,15717,1950,Positive
81,"Bersama seluruh pemimpin negara ekonomi terbesar dunia di panggung KTT G20 di INTEX Osaka, Jepang, siang tadi. 

Di… https://t.co/zxF7r1PnGr",1144570841478230016,140,2019-06-28 11:38:48,Twitter for Android,19609,3464,Negative
82,"Melangkah di atas karpet merah di panggung dan melewati deretan bendera negara G20 di INTEX  Osaka, siang tadi, set… https://t.co/hvrtVmFffj",1144537852442640385,140,2019-06-28 09:27:43,Twitter for Android,22500,3447,Negative
83,"Obrolan sejenak bersama para pemimpin negara G20 di ruang Leaders’ Area, gedung INTEX Osaka, Jepang, sambil menanti… https://t.co/jBuWAEa1Cs",1144482945249361921,140,2019-06-28 05:49:32,Twitter for Android,18920,2986,Positive
84,"Alhamdulillah, tiba di Jepang, pagi ini, untuk hadir bersama para pemimpin negara-negara ekonomi terbesar dunia di… https://t.co/uHyknuQjVP",1144479380757835776,139,2019-06-28 05:35:22,Twitter for Android,15471,2010,Positive
85,"Proses pesta demokrasi yang telah berlangsung beberapa bulan telah usai. Tidak ada lagi 01 dan 02, yang ada hanyala… https://t.co/ihEoiO0Yha",1144428002287030272,140,2019-06-28 02:11:12,Twitter for Android,38124,10336,Positive
86,"Argentina adalah mitra perdagangan besar Indonesia di Amerika Selatan.

Kepada Presiden Mauricio Macri yang datang… https://t.co/Dekk54rK27",1144075694567112704,139,2019-06-27 02:51:16,Twitter for Android,11710,1338,Positive
87,"Jersey timnas Argentina dari Presiden Argentina Mauricio Macri yang berkunjung ke Indonesia, hari ini. Sementara sa… https://t.co/e2j25m5tSz",1143866852784791554,140,2019-06-26 13:01:24,Twitter for Android,15497,2480,Negative
88,"Selama 12 tahun ini, kontingen TNI AD selalu menjuarai lomba tembak bergengsi di berbagai kompetisi dengan senjata… https://t.co/RFDT8Zf3f6",1143779559701020672,139,2019-06-26 07:14:32,Twitter for Android,20287,3597,Negative
89,"Lagu The ASEAN Way dinyanyikan dan penampilan budaya berjudul Vivid ASEAN disuguhkan pagi ini di Hotel Athenee, Ban… https://t.co/eg5jkeXMYg",1142759184691150848,140,2019-06-23 11:39:55,Twitter for Android,11420,1268,Negative
90,Obrolan sejenak bersama Perdana Menteri Singapura Lee Hsien Loong sebelum menghadiri pleno KTT ke-34 ASEAN di Hotel… https://t.co/PckRk0kxAq,1142645623193083905,140,2019-06-23 04:08:40,Twitter for Android,10550,1212,Negative
91,"Akhir pekan yang padat di Bangkok. 

Kemarin sore, seusai beberapa pertemuan bilateral, saya hadir di Pertemuan Pem… https://t.co/1CT48e84rz",1142621719238074369,140,2019-06-23 02:33:41,Twitter for Android,10885,1150,Negative
92,"Bertemu Perdana Menteri Viet Nam Nguyen Xuan Phuc di Bangkok tadi, kami saling menyelamati: PM Viet Nam menyampaika… https://t.co/YQ3JmxkL4w",1142427479828623360,140,2019-06-22 13:41:51,Twitter for Android,8564,851,Negative
93,"Bertemu Aung San Suu Kyi, State Counsellor Republik Uni Myanmar yang juga menghadiri KTT ke-34 ASEAN, beberapa jam… https://t.co/4HrUN64aw6",1142409857812713472,139,2019-06-22 12:31:49,Twitter for Android,8181,958,Negative
94,Bertolak menuju Bangkok pagi ini untuk menghadiri KTT ke-34 ASEAN. KTT ini akan berlangsung selama dua hari dengan… https://t.co/CfTh15D5bg,1142312530036981760,139,2019-06-22 06:05:04,Twitter for Android,19093,2015,Negative
95,"Menjelang salat Jumat tadi, saya ke sini: meninjau perkembangan pembangunan landas pacu ketiga Bandara Internasiona… https://t.co/PIdKduJpRJ",1142027229049737216,140,2019-06-21 11:11:23,Twitter for Android,12186,1263,Positive
96,"Terima kasih untuk segala perhatian, doa, dukungan, dan amanah yang tercurah dari seluruh rakyat kepada saya dan ke… https://t.co/SvUmCEPOBb",1141914554122637312,140,2019-06-21 03:43:40,Twitter for Android,83615,22186,Positive
97,Menyerahkan 3.200 lembar sertifikat hak atas tanah bagi masyarakat Gresik di GOR Tridharma Petrokimia siang tadi.… https://t.co/eSdWR4X9I5,1141681814831947776,138,2019-06-20 12:18:50,Twitter for Android,10020,1168,Positive
98,"Tiba di Bandar Udara Internasional Juanda, Sidoarjo, pagi ini untuk kunjungan kerja di Jawa Timur.

Hari ini, saya… https://t.co/p6k0rBU5LG",1141555759953485824,139,2019-06-20 03:57:56,Twitter for Android,13113,1696,Negative
99,"Jenis usaha mikro, kecil, dan menengah di Indonesia saat ini ada 62,9 juta unit usaha.

Pemerintah tentu akan menye… https://t.co/o0D02GYmly",1141161673497071617,140,2019-06-19 01:51:59,Twitter for Android,10053,1193,Negative
100,"Ikut berpawai di pembukaan Pesta Kesenian Bali 2019, pesta yang mengusung tema Bayu Pramana. Napas kehidupan, yang… https://t.co/5xBanSXUyy",1140551814472855552,139,2019-06-17 09:28:37,Twitter for Android,20759,3080,Positive
101,"Dengan baju adat berwarna coklat, dipadukan dengan udeng, saput dan kamen ungu ini, saya menghadiri pembukaan Pesta… https://t.co/0KCibPcJrE",1140063722339098624,140,2019-06-16 01:09:07,Twitter for Android,16936,2394,Positive
102,"Menyusuri tanggul Waduk Muara Nusa Dua, Denpasar, kemarin. Seiring meningkatnya kegiatan pariwisata di Kuta, Tanjun… https://t.co/BF1ogXolFY",1139756640209526784,140,2019-06-15 04:48:53,Twitter for Android,9381,1137,Positive
103,"Bermain bola dengan Jan Ethes di atas hamparan pasir Pantai Sanur, Bali. https://t.co/NhhROFr9AM",1139699452669677569,96,2019-06-15 01:01:38,Twitter for Android,34155,5299,Positive
104,Sebanyak 3.000 lembar sertifikat hak atas tanah saya serahkan hari ini kepada masyarakat dari tujuh kota dan kabupa… https://t.co/5wLa1bssN1,1139498401945362433,140,2019-06-14 11:42:44,Twitter for Android,11262,1595,Positive
105,"Selama tujuh bulan masa kampanye kemarin, kegiatan bagi-bagi sepeda dilarang. Pada acara pembagian sertifikat tanah… https://t.co/3F92GuRaIo",1139467130485665794,140,2019-06-14 09:38:28,Twitter for Android,10388,1345,Positive
106,"Dalam lima tahun ini, kita telah membangun lebih dari 5.000 pasar besar dan sekitar 8.900 pasar desa. Ke depan, tar… https://t.co/PkWsQCTDzv",1139428034581164032,140,2019-06-14 07:03:07,Twitter for Android,7710,1036,Negative
107,"Sesaat setelah meninjau Pasar Sukawati, seorang pria mencegat saya di jalan keluar. Di tangannya ada selembar kerta… https://t.co/UnaajjX4TD",1139393177880649734,140,2019-06-14 04:44:37,Twitter for Android,21546,2942,Positive
108,"Anda yang ke Bali dan belum ke Pasar Sukawati, itu rasanya belum ke Bali. Pasar seni di Gianyar ini adalah pusat ke… https://t.co/eEXntsMXmN",1139383566645653505,140,2019-06-14 04:06:25,Twitter for Android,8341,1085,Negative
109,"Mendarat di Bandara I Gusti Ngurah Rai di Bali, semalam.

Hari ini, Insya Allah, saya hendak bertemu dan menyerahka… https://t.co/mmD4tXxFmT",1139346949260206081,140,2019-06-14 01:40:55,Twitter for Android,11767,1390,Positive
110,Perang dagang Amerika Serikat dan Tiongkok yang menimbulkan gejolak perekonomian global bisa jadi peluang bagi Indo… https://t.co/kgylPG0J2C,1138991377927135232,140,2019-06-13 02:08:00,Twitter for Android,11947,1899,Negative
111,Selamat kepada Pak Arinal Djunaidi dan Bu Chusnunia yang hari ini resmi menjadi Gubernur dan Wakil Gubernur Lampung… https://t.co/Ie119bX8Hf,1138734098808131584,140,2019-06-12 09:05:40,Twitter for Android,11087,1402,Negative
112,"Senang sekali menerima Pak Jusuf Kalla siang ini di istana. Selain berdiskusi tentang pekerjaan, Pak JK berbagi cer… https://t.co/cMvkgNuUFd",1138443983661568000,140,2019-06-11 13:52:51,Twitter for Android,23738,3606,Negative
113,"Selamat siang, Indonesia. Libur Lebaran usai sudah. Saatnya kembali bekerja. https://t.co/M7lfcTnjlN",1137959130553962496,100,2019-06-10 05:46:13,Twitter Web Client,29661,5210,Positive
114,"Berbelanja alat dapur dan aneka buah di Pasar Gede Solo yang sedang  ramai pengunjung pagi tadi.

Belanjaannya bera… https://t.co/7udXSiWoKn",1137659221917310976,140,2019-06-09 09:54:29,Twitter for Android,27433,4289,Positive
115,"Bila @KaesangP bertanya, dan Jan Ethes menjawab ... https://t.co/UEBfFrDJCc",1137543264255393792,75,2019-06-09 02:13:43,Twitter for Android,69713,25216,Negative
116,"Malam di Yogyakarta, menikmati sate gembus bersama keluarga di Warung Klangenan. Di warung ini, Anda dapat memangga… https://t.co/9cuqdXlUi5",1137303157560578048,140,2019-06-08 10:19:37,Twitter for Android,43590,9245,Positive
117,"Jumatan di Masjid Syuhada, masjid bersejarah di Kotabaru, Yogyakarta, hari ini bersama Jan Ethes, Gibran, dan Kaesa… https://t.co/fv3JjbzsEZ",1136951905668616194,140,2019-06-07 11:03:52,Twitter for Android,23456,3375,Positive
118,"Bersilaturahmi ke keluarga Keraton Ngayogyakarta Hadiningrat pada hari ketiga Lebaran di Yogyakarta, hari ini. 

Te… https://t.co/MYNQdg8LO8",1136918430919958528,140,2019-06-07 08:50:51,Twitter for Android,26362,4648,Positive
119,Libur Lebaran di Yogyakarta bersama Jan Ethes dan Kaesang. Mau ke mana? Kota ini menawarkan banyak tempat yang asyi… https://t.co/RHIpw5mpTg,1136833234552086528,140,2019-06-07 03:12:19,Twitter for Android,17939,2979,Positive
120,Bila Jan Ethes hormat bendera dan menjawab awak media ... https://t.co/FgL38NTgSy,1136660839824384000,81,2019-06-06 15:47:17,Twitter for Android,70723,23026,Negative
121,Berlebaran bersama masyarakat ... https://t.co/j7VPc01Cq7,1136254202437443584,57,2019-06-05 12:51:27,Twitter for Android,30297,4684,Positive
122,"Salat Id di Masjid Istiqlal, Jakarta pagi ini. Prof. Said Agil Husin Al-Munawar dalam khotbahnya antara lain menyam… https://t.co/Kb5Kpn2dnL",1136157454071238658,140,2019-06-05 06:27:00,Twitter for Android,16417,2304,Positive
123,"Di mana Anda merayakan hari Lebaran? Bagaimana perjalanan mudik Anda? 

Semoga lancar dan dapat berbagi kebahagiaan… https://t.co/SXsy3Kjbhr",1136071700913635328,140,2019-06-05 00:46:15,Twitter for Android,33783,6190,Positive
124,"Setelah sebulan berpuasa, tiba jugalah kita di hari yang fitri. Selamat menikmati silaturahmi dengan keluarga dan h… https://t.co/rUvDmGVD62",1135952250814099456,140,2019-06-04 16:51:36,Twitter for Android,21108,4377,Positive
125,"Dengan memohon rida Allah SWT, kita lepas kepergian Ibu Ani Yudhoyono menghadap kepadaNya dengan tenang. Semoga All… https://t.co/SraGIJbHJw",1135188523139526656,140,2019-06-02 14:16:49,Twitter for Android,44744,9909,Positive
126,"Mengapa kita memperingati Hari Lahir Pancasila yang dirumuskan 74 tahun lalu? 

Kita ingin meneguhkan komitmen untu… https://t.co/ggPVKYVWvC",1135023556587270145,140,2019-06-02 03:21:18,Twitter for Android,24599,3996,Negative
127,"Innalillahi wa inna ilaihi rajiun. Selamat jalan Ibu Ani Yudhoyono, seorang perempuan teladan, Ibu Negara dan istri… https://t.co/VYA4LG6iY9",1134716125445382147,140,2019-06-01 06:59:40,Twitter for Android,81300,29013,Negative
128,Berpuluh tahun lamanya Pancasila menjadi pemandu langkah bagi bangsa ini untuk mampu bertahan dan tumbuh di tengah… https://t.co/7hHjG2Dq42,1134674875992305664,139,2019-06-01 04:15:46,Twitter for Android,23425,5489,Positive
129,Wajah para pemudik kereta ekonomi di Stasiun Pasar Senen kemarin terlihat lebih cerah. Jumlah pemudik tahun ini nai… https://t.co/bnXOaXPYCo,1134630229945643012,140,2019-06-01 01:18:21,Twitter for Android,14612,2029,Negative
130,"Di Stasiun Pasar Senen, Jakarta, bertemu para penumpang kereta api yang hendak mudik Lebaran, sore ini. Suasananya… https://t.co/0nGUZ1oWTn",1134426224262909952,139,2019-05-31 11:47:43,Twitter for Android,17137,2603,Positive
131,Lebih rapi menyambut Lebaran yang sebentar lagi datang ... https://t.co/Y38aMk1cPt,1133969524389076992,82,2019-05-30 05:32:57,Twitter for Android,35610,4739,Positive
132,"Tiga tahun berturut-turut sejak 2016, pemerintah pusat mendapatkan opini wajar tanpa pengecualian (WTP) dari BPK. A… https://t.co/c424pN5AXr",1133702925006528513,140,2019-05-29 11:53:35,Twitter for Android,12131,1780,Negative
133,"Menerima Syamsuri Firdaus, qari muda asal NTB, yang jadi pemenang MTQ Internasional ke-7 di Istanbul, Turki. Pada M… https://t.co/XUdUsnZl7n",1133537444257624064,140,2019-05-29 00:56:01,Twitter for Android,18580,2824,Negative
134,"Kelontong dagangan Pak Usma di Jl. Wahid Hasyim, Jakarta, ludes dalam sekejap dijarah para perusuh pada 22 Mei lalu… https://t.co/yAM1j0msC1",1132989393667362816,140,2019-05-27 12:38:16,Twitter for Android,23927,4667,Positive
135,Berbuka puasa bersama para pengusaha muda HIPMI semalam. Saya mengajak mereka terlibat dalam dua fokus pembangunan… https://t.co/uJXmmTBw73,1132914238559670272,139,2019-05-27 07:39:37,Twitter for Android,12645,1551,Positive
136,Mahkamah Konstitusi adalah lembaga negara penjaga konstitusi yang menjadi landasan utama tegaknya negara. Dibentuk… https://t.co/vTEXoSIm4w,1132814277029519360,139,2019-05-27 01:02:24,Twitter for Android,30911,6414,Positive
137,"Lamun siro sekti, ojo mateni
Lamun siro banter, ojo ndhisiki
Lamun siro pinter, ojo minteri https://t.co/YxDK0CHCJ8",1132286589034422272,115,2019-05-25 14:05:34,Twitter for Android,56570,22860,Negative
138,Heartiest congratulations to PM @narendramodi on the successful elections and for once again winning the trust of t… https://t.co/Px7JEfeOqx,1131765490244902912,140,2019-05-24 03:34:54,Twitter for Android,28106,4590,Negative
139,Thank you PM @ScottMorrisonMP and warmest regards from all of us in Indonesia. Australia has been one of our great… https://t.co/Kc5d8yubeN,1131409572571172864,139,2019-05-23 04:00:37,Twitter for Android,15894,3538,Negative
140,"Thank you PM @narendramodi for the kind words. I, too, look forward to continue strengthening the partnership betwe… https://t.co/B0p5ljuo5S",1131407304719458304,140,2019-05-23 03:51:36,Twitter for Android,12666,2463,Negative
141,Terima kasih Dr M @chedetofficial. Indonesia dan Malaysia adalah dua bangsa serumpun. Sampai kapan pun tetap bersau… https://t.co/ZcigQWYVY7,1131406688320249856,140,2019-05-23 03:49:09,Twitter for Android,26909,6224,Positive
142,"Innalillahi wa inna ilaihi raji'un. Turut berduka cita atas berpulang ke Rahmatullah, Ustaz Muhammad Arifin Ilham d… https://t.co/DLI9chbvX6",1131395059226750981,140,2019-05-23 03:02:57,Twitter for Android,51063,9842,Positive
143,"Kita tidak akan memberikan ruang untuk perusuh-perusuh yang akan merusak negara kita, Negara Kesatuan Republik Indo… https://t.co/WEQUJE8Zxg",1131174461703639040,140,2019-05-22 12:26:22,Twitter for Android,72321,30822,Negative
144,"Saat ini, situasi masih terkendali. Saya berharap masyarakat tak perlu khawatir.

Saya mengajak masyarakat merajut… https://t.co/QQEuVi4kDM",1131173874991808514,139,2019-05-22 12:24:02,Twitter for Android,49628,15753,Positive
145,"Di antara warga penghuni Kampung Deret di Jakarta, siang ini. Saya telah mendengar pengumuman rekapitulasi suara na… https://t.co/Jh8GuTE1pf",1130776437571514368,140,2019-05-21 10:04:46,Twitter for Android,34824,8166,Positive
146,"Pada 28 Desember 2015 lalu, saya meletakkan batu pertama pembangunan Bendungan Rotiklot di Belu, NTT — tak jauh dar… https://t.co/dGDYqo7aqx",1130696892801699840,140,2019-05-21 04:48:41,Twitter Web Client,22852,4511,Negative
147,"Akhirnya selesai juga. Bendungan Rotiklot di Belu, NTT sudah terisi air saat saya resmikan, sore ini. Nantinya, mas… https://t.co/RYjpVGFJuf",1130445864327974912,140,2019-05-20 12:11:11,Twitter for Android,21085,3948,Negative
148,"Tiba di Bandar Udara Internasional El Tari, Kota Kupang, NTT pukul dua belas siang ini. Dari Kupang, saya berganti… https://t.co/3qNcpu617B",1130352221844004864,139,2019-05-20 05:59:05,Twitter for Android,9617,1411,Negative
149,"111 tahun lalu, para pemuda menolak terlelap dalam keterbelakangan. Mereka bangkit, memperkuat diri, mendirikan Bud… https://t.co/WkC1g7BaN9",1130294939844194306,140,2019-05-20 02:11:28,Twitter for Android,16109,3849,Positive
150,"Semoga semua makhluk hidup sejahtera, bebas dari penyakit, damai dan berbahagia. https://t.co/XQeuHu0hTK",1129983193346560000,104,2019-05-19 05:32:42,Twitter for Android,21797,4558,Negative
151,"Berjalan di pinggir Tukad (sungai) Badung di Denpasar Barat, menikmati keindahan sungai yang mengalir berkelok-kelo… https://t.co/NkPeFmftkp",1129917556083503104,140,2019-05-19 01:11:52,Twitter for Android,11655,1702,Negative
152,"Baru dua bulan lalu saya resmikan, Pasar Badung di Desa Dauh Puri Kangin, Denpasar Barat, kini sudah ramai. Pasar b… https://t.co/lj7DMbInJj",1129704313595371522,140,2019-05-18 11:04:31,Twitter for Android,11272,1510,Positive
153,"Jalan-jalan dan belanja cenderamata di kampung Sasak yang alami dan unik di Desa Rembitan, Lombok Tengah, NTB. https://t.co/Y5xpvRmWGt",1129659584874860544,134,2019-05-18 08:06:47,Twitter for Android,12394,1945,Positive
154,"Daerahnya tandus, tapi Desa Kutuh di Badung, Bali jadi desa tujuan sport tourism berkat Dana Desa untuk membangun s… https://t.co/T0K0PXF4A3",1129595197166252032,140,2019-05-18 03:50:56,Twitter for Android,8592,1433,Negative
155,"Berkunjung ke Kawasan Ekonomi Khusus Pariwisata Mandalika di Lombok, NTB, Jumat. Hotelnya sudah tujuh yang bisa dis… https://t.co/B9wZzc7zyB",1129567425383489536,140,2019-05-18 02:00:35,Twitter for Android,15370,3057,Negative
156,"Buku adalah jendela dunia. Melalui buku manusia melanglang buana ilmu pengetahuan. Ayo, budayakan membaca buku.

Se… https://t.co/MOB7ljVlwP",1129415588265091072,140,2019-05-17 15:57:14,Twitter for Android,13839,2380,Positive
157,"Jumatan di Masjid Nur Syahada di Desa Rembitan, Lombok Tengah, NTB hari ini. Masjidnya unik, beratap dari alang-ala… https://t.co/j4No7FeI77",1129415142003826688,140,2019-05-17 15:55:28,Twitter for Android,7526,1011,Positive
158,"Para prajurit TNI dan anggota Polri tengah bersenandung selawat ketika saya tiba di Lapangan Monas, kemarin sore. I… https://t.co/ZDCWtrxBMd",1129312366192017409,140,2019-05-17 09:07:04,Twitter for Android,18964,3506,Negative
159,"Di luar jajaran penyelenggara dan pengawas Pemilu serentak pada 17 April lalu, soliditas dan kerja profesional selu… https://t.co/UfI8IbFX9z",1129236887829270528,140,2019-05-17 04:07:08,Twitter for Android,12964,2034,Positive
160,"Badan Amil Zakat Nasional menyebutkan, sepanjang tahun 2018 zakat yang terkumpul sebesar Rp8,1 triliun. Sangat keci… https://t.co/Cm59fo4ToU",1129190130072186882,140,2019-05-17 01:01:21,Twitter for Android,6345,917,Negative
161,"Menunaikan zakat melalui Badan Amil Zakat Nasional (BAZNAS) pada hari ke-11 Ramadan di Istana Negara, siang ini. https://t.co/ruDOCGuAgb",1128985383067197440,136,2019-05-16 11:27:45,Twitter for Android,8070,1007,Positive
162,"""Negara kita ini aturan mainnya, konstitusinya, undang-undangnya, aturannya, jelas. Ikuti."" Itu jawaban saya atas p… https://t.co/ym9bdrShZz",1128672915837243392,140,2019-05-15 14:46:07,Twitter for Android,22089,6068,Positive
163,"Buka puasa yang penuh tawa dan meriah bersama para wartawan yang bertugas di lingkungan istana, kemarin. Sehari-har… https://t.co/0TRf7Ehss8",1128489074887544833,140,2019-05-15 02:35:36,Twitter for Android,18094,2485,Positive
164,Hari ini saya meluncurkan Masterplan Ekonomi Syariah Indonesia 2019-2024 yang jadi pedoman Indonesia menjadi pelaku… https://t.co/dtziLdPXVW,1128312016031047681,140,2019-05-14 14:52:02,Twitter for Android,8966,1442,Negative
165,"Jalan Tol Pandaan-Malang, berlatar gunung dan sawah-sawah, menuju kemajuan Malang Raya. https://t.co/GSez6Dc5lA",1128104100774604800,111,2019-05-14 01:05:51,Twitter for Android,22869,5856,Positive
166,"Mau melihat indahnya pemandangan gunung-gunung Arjuno, Kawi dan Bromo - Semeru di Jawa Timur sambil melaju mulus di… https://t.co/BmN2ndPMbP",1127931090721595392,140,2019-05-13 13:38:22,Twitter for Android,16939,3663,Negative
167,"Tiba di Pangkalan TNI AU Abdul Rahman Saleh, Kabupaten Malang, beberapa saat lalu untuk sebuah kunjungan di Jawa Ti… https://t.co/SrK8TP3hsR",1127802808789430272,140,2019-05-13 05:08:37,Twitter for Android,8858,1411,Positive
168,"Selamat pagi, Indonesia... https://t.co/99P0dpFNpP",1127740936417497088,50,2019-05-13 01:02:46,Twitter for Android,22844,3631,Negative
169,Sekarang saatnya fokus pada pembangunan SDM. Sebanyak 51 % tenaga kerja kita lulusan SD. Ini harus kita selesaikan… https://t.co/1i0MJVr9XH,1127022673261760513,139,2019-05-11 01:28:39,Twitter for Android,17280,3065,Negative
170,Selamat bekerja Pak Abdul Gani Kasuba dan M. Al Yasin Ali sebagai Gubernur dan Wakil Gubernur Maluku Utara periode… https://t.co/mEWCmNBfJG,1126798975749648389,139,2019-05-10 10:39:45,Twitter for Android,8090,986,Negative
171,"Reformasi struktural ini penting. Lima tahun lalu, investasi pembangkit listrik butuh 259 izin. Sudah berkurang jad… https://t.co/RNuOC6twLm",1126749591473254401,140,2019-05-10 07:23:31,Twitter for Android,9849,1625,Negative
172,"Infrastruktur yang dibangun pemerintah pusat di sejumlah daerah harus segera disambungkan oleh provinsi, kabupaten,… https://t.co/gqi7NpCr0M",1126656397049909248,140,2019-05-10 01:13:11,Twitter for Android,9715,1629,Positive
173,"Tahun 2045, satu abad setelah kemerdekaan, Indonesia diperkirakan masuk dalam empat atau lima besar ekonomi terkuat… https://t.co/R7uNknfWQR",1126419453950873600,140,2019-05-09 09:31:40,Twitter for Android,12013,2415,Positive
174,"Tiang batu pertama pembangunan Kota Palangka Raya, Kalimantan Tengah, yang dipancangkan oleh Presiden Soekarno, 62… https://t.co/X82zwK8p9n",1126356423896473600,139,2019-05-09 05:21:12,Twitter for Android,11694,2067,Positive
175,Meninjau kesiapan salah satu calon ibu kota negara di tengah Pulau Kalimantan. https://t.co/JFbyx80j40,1126305652861616128,102,2019-05-09 01:59:28,Twitter for Android,19341,4444,Positive
176,"Mendarat di ""kawasan segitiga"" Kalimantan Tengah, di antara Palangka Raya, Katingan, dan Gunung Mas. Apakah ini lok… https://t.co/2cEo6TqkOS",1126071438597746688,140,2019-05-08 10:28:47,Twitter for Android,12832,2246,Positive
177,"Hari kedua Ramadan di Kota Palangkaraya, Kalimantan Tengah, saya bersama warga melaksanakan salat tarawih di Masjid… https://t.co/WgotjDPhxk",1125938786012020736,140,2019-05-08 01:41:40,Twitter for Android,10693,1563,Positive
178,Siang di salah satu kawasan di Kalimantan Timur. Daerahnya layak jadi ibu kota negara karena infrastruktur pendukun… https://t.co/EzpRqOZ3Nt,1125699552172883968,140,2019-05-07 09:51:02,Twitter for Android,12056,2172,Positive
179,Meninggalkan Jakarta pagi ini menuju Kalimantan. Saya hendak meninjau beberapa lokasi yang menjadi alternatif ibu k… https://t.co/oC6tUdMKOn,1125631443994943488,140,2019-05-07 05:20:24,Twitter for Android,22295,4577,Positive
180,"Pemerintah serius soal pemindahan ibu kota negara. Sejak tahun lalu Bappenas mengkaji sisi ekonomi, sospol, dan lin… https://t.co/KAckpKhiyR",1125573025716248576,140,2019-05-07 01:28:16,Twitter for Android,14309,2638,Negative
181,"Buka puasa di hari pertama Ramadan bersama para tokoh dan pemimpin lembaga negara di Istana Negara, malam ini. Bula… https://t.co/vgqvc8aV1M",1125421500608143360,140,2019-05-06 15:26:09,Twitter for Android,12153,1767,Positive
182,"Tarawih pertama Ramadan tahun ini di Masjid Jenderal Besar Soedirman, di kompleks Museum Peta, Dinas Sejarah Angkat… https://t.co/rHdCgDZ3TT",1125231802157678598,140,2019-05-06 02:52:22,Twitter for Android,10744,1322,Positive
183,"Dari puasa — dan dalam berpuasa — kita berlatih untuk menahan hawa nafsu, hasrat, dan keinginan duniawi, dan turut… https://t.co/N7acmnNZgD",1125027323634257920,139,2019-05-05 13:19:50,Twitter for Android,25886,5374,Positive
184,"Hari Minggu dan menjelang Ramadan, ada yang berziarah ke makam, bersilaturahmi ke rumah orang tua dan sanak saudara… https://t.co/Y5LXGw74C7",1124932110786019328,140,2019-05-05 07:01:30,Twitter for Android,16768,2261,Positive
185,"Sampai sekarang, selalu saja ada yang membisiki saya tentang terjadinya sengketa lahan: rakyat dengan perusahaan sw… https://t.co/X2NqydTrDy",1124206503932547072,140,2019-05-03 06:58:11,Twitter for Android,13351,2146,Positive
186,"Durian ini dipetik dari pohon yang tumbuh di area sabuk hijau Bendungan Gondang, Karanganyar, Jawa Tengah. Saya dan… https://t.co/BVTJsWyGmQ",1124139213203460096,140,2019-05-03 02:30:48,Twitter for Android,12524,1762,Negative
187,"Menerima kedatangan tokoh dan politisi muda, Agus Harimurti Yudhoyono, di Istana Merdeka, sore ini. Pertemuan saya… https://t.co/fWe3d7PvMS",1123913746227912704,139,2019-05-02 11:34:53,Twitter for Android,24239,4246,Negative
188,"Satu lagi bendungan selesai dibangun untuk mendukung ketahanan pangan nasional: Bendungan Gondang di Karanganyar, J… https://t.co/IZY0eTH8gQ",1123888640583786503,140,2019-05-02 09:55:07,Twitter for Android,10887,2069,Positive
189,"Pendidikan adalah jalan panjang yang ditempuh sebuah bangsa yang menghadapi tantangan untuk membangun identitas, ka… https://t.co/jeFnWig1da",1123800042895233025,140,2019-05-02 04:03:04,Twitter for Android,13622,3508,Positive
190,"Penghargaan yang tinggi kepada Yang Mulia Kaisar Akihito, yang selama masa kekaisarannya telah memberikan kontribus… https://t.co/zy1rYpzm3d",1123770493834858497,140,2019-05-02 02:05:39,Twitter for Android,12676,2186,Positive
191,"Saya, juga seluruh rakyat, ikut bergembira bersama para pekerja dan buruh. 

Dengan kerja keras, terampil dan produ… https://t.co/NFtJqXe8EA",1123450018315296769,140,2019-05-01 04:52:11,Twitter for Android,29189,6507,Positive
192,"Santap siang bersama para pekerja pabrik sepatu PT KMK Global Sports di Cikupa, Tangerang, hari ini sungguh nikmat.… https://t.co/9TtuHA7hB9",1123163976349540353,140,2019-04-30 09:55:33,Twitter for Android,15674,2516,Negative
193,"DKI Jakarta kini memikul dua beban sekaligus: sebagai pusat pemerintahan dan layanan publik, juga pusat bisnis. Ban… https://t.co/XU3dtuOosa",1123046479604490240,140,2019-04-30 02:08:40,Twitter for Android,28591,7782,Positive
194,"Kita masih di pertengahan 2019, tapi RAPBN untuk tahun 2020 sudah mulai dibahas. Mengapa? Dinamika perekonomian dun… https://t.co/tZ23wy44Ia",1122671043972255745,140,2019-04-29 01:16:49,Twitter for Android,11205,1965,Negative
195,"Saya punya jaket warna terakota bermerek lokal. Di lemari pakaian saya juga masih ada jaket bomber, jaket merah hit… https://t.co/HwcDbdFGDJ",1122393846359318528,140,2019-04-28 06:55:20,Twitter for Android,20840,3554,Positive
196,"Merah, hitam, biru, atau putih, hampir semuanya dibuat di dalam negeri, sneakers atau pantofel, dan nyaman di kaki.… https://t.co/IkbyjEtdgK",1121946615688728576,140,2019-04-27 01:18:12,Twitter for Android,16712,2807,Negative
197,"Bertemu para pimpinan serikat pekerja di Istana Bogor hari ini, sepekan menjelang pelaksanaan Hari Buruh 1 Mei 2019… https://t.co/63lYIJyeas",1121743616446066689,140,2019-04-26 11:51:33,Twitter for Android,10900,1538,Negative
198,"Landas pacunya bersisian dengan pantai, pada terminalnya sudah terjulur belalai-belalai garbarata, konveyor bagasi… https://t.co/MIxKOWx0Ge",1121589845762031617,139,2019-04-26 01:40:32,Twitter for Android,28355,8197,Positive
199,Selamat bekerja Pak Murad Ismail dan Barnabas Orno sebagai Gubernur dan Wakil Gubernur Maluku periode 2019-2024. https://t.co/K6Va8RoE1B,1121221263660240896,136,2019-04-25 01:15:55,Twitter for Android,16095,2283,Negative
